Key;English;French;German;Polish;Spanish;Italian;Swedish;Czech;Hungarian;Dutch;Portuguese;Russian;Finnish;
ABK;Abkhazia;;;;;;;;;x;;;;
AGC;Angoche;;;;;;;;;x;;;;
AGL;Argel;;;;;;;;;x;;;;
AGO;Aragon;;;;;;;;;x;;;;
AKH;Astrakhan;;;;;;;;;x;;;;
ALE;Aleppo;;;;;;;;;x;;;;
ALG;Algarve;Algarve;Algarve;;Algarve;;;;;;;;;x;;;;
ALR;Al Rif;;;;;;;;;x;;;;
ALS;Elsass;;;;;;;;;x;;;;
ALT;Altai Republic;;;;;;;;;x;;;;
ALT_absolute_monarchy;Altai Union;;;;;;;;;x;;;;
ALT_hms_government;Altai Union;;;;;;;;;x;;;;
ALT_prussian_constitutionalism;Altai Union;;;;;;;;;x;;;;
ALX;Alexandria;;;;;;;;;x;;;;
AMA;Amazonia;x;
ANK;Ankara;;;;;;;;;x;;;;
ANL;Andalusia;;;;;;;;;x;;;;
ANN;Annaba;;;;;;;;;x;;;;
ANT;Antioquia;x;
APP;Appalachia;x;
AQU;Aquitaine;;;;;;;;;x;;;;
ARD;Ardennes;;;;;;;;;x;;;;
ARE;Arequipa;x;
ARK;Arkhangelsk;;;;;;;;;x;;;;
ARO;Aro;;;;;;;;;x;;;;
ASH;Ashanti;;;;;;;;;x;;;;
ASM;Assam;;;;;;;;;x;;;;
ATF;Antofagasta;x;
ATU;Asturias;;;;;;;;;x;;;;
ATZ;Aztlan;x;
AUV;Auvergne;;;;;;;;;x;;;;
AWS;Aussa;;;;;;;;;;;;;
AYU;Ayutthaya;;;;;;;;;x;;;;
AZC;Aztec Empire;x;
AZC_democacry;Aztec Confederation;x;
AZC_proletarian_dictatorship;Aztec People's Republic;x;
AZC_presidential_dictatorship;Aztec Confederation;x;
AZC_bourgeois_dictatorship;Aztec Confederation;x;
AZO;Azores;;;;;;;;;x;;;;
BAH;Bahia;x;
BAN;Banat;;;;;;;;;x;;;;
BAN_democracy;Banat Republic;;;;;;;;;x;;;;
BDB;Branderburg;;;;;;;;;x;;;;
BCA;Baja California;x;
BDK;Badakhshan;;;;;;;;;x;;;;
BDK_absolute_monarchy;Kunduz;;;;;;;;;x;;;;
BDN;Hakkari;;;;;;;;;x;;;;
BEN;Benin;Bénin;Benin;;Benín;;;;;;;;;x;;;;
BGH;Baghdad;;;;;;;;;x;;;;
BHR;Bahrain;;;;;;;;;x;;;;
BIH;Bihar;;;;;;;;;x;;;;
BIH_proletarian_dictatorship;Bihari People's Republic;;;;;;;;;x;;;;
BKV;Bukovina;;;;;;;;;x;;;;
BLC;Baluchistan;;;;;;;;;x;;;;
BLV;Bolivar;x;
BNB;Baban;;;;;;;;;x;;;;
BNG;Bangladesh;;;;;;;;;x;;;;
BNG_absolute_monarchy;Bengal;;;;;;;;;x;;;;
BNG_prussian_constitutionalism;Bengal;;;;;;;;;x;;;;
BNG_hms_government;Bengal;;;;;;;;;x;;;;
BOR;Borgu;x;
BRG;Burgundy;;;;;;;;;x;;;;
BRT;Brittany;;;;;;;;;x;;;;
BSH;Lesotho;;;;;;;;;;;;;
BSH_absolute_monarchy;Basotho;;;;;;;;;;;;;
BSQ;Basque Country;;;;;;;;;x;;;;
BSR;Basra;;;;;;;;;x;;;;
BTL;Bitlis;;;;;;;;;x;;;;
CAI;Cairo;;;;;;;;;x;;;;
CAJ;Cajamarca;x;
CAR;Carolina;x;
CAU;Cauca;x;
CHA;Champa;;;;;;;;;x;;;;
CHC;Chaco;x;
CHH;Chihuahua;x;
CHO;Chugoku;;;;;;;;;x;;;;
CHO_absolute_monarchy;Choshu;;;;;;;;;x;;;;
CHO_prussian_constitutionalism;Choshu;;;;;;;;;x;;;;
CHO_hms_government;Choshu;;;;;;;;;x;;;;
CHP;Chiapas;x;
CHU;Chukotka;Chukotka;Chukotka;;Chukotka;;;;;;;;;x;;;;
CHY;Chechnya;;;;;;;;;x;;;;
CIR;Circassia;;;;;;;;;x;;;;
CLA;Calabar;;;;;;;;;x;;;;
CLC;Cilicia;;;;;;;;;x;;;;
CLT;Celtic Union;;;;;;;;;x;;;;
CNN;Cannary Islands;;;;;;;;;x;;;;
COC;Cochinchina;;;;;;;;;x;;;;
COR;Cornwall;;;;;;;;;x;;;;
CRL;Chitral;;;;;;;;;x;;;;
CRS;Corsica;;;;;;;;;x;;;;
CUM;Cumana;x;
CUN;Cundinamarca;x;
CUZ;Cuzco;x;
CYR;Cyrenaica;;;;;;;;;x;;;;
CYR_absolute_monarchy;Senussi;;;;;;;;;x;;;;
DAG;Dagestan;;;;;;;;;x;;;;
DAG_theocracy;Caucasian Imamate;;;;;;;;;x;;;;
DAG_presidential_dictatorship;Dagestan;;;;;;;;;x;;;;
DAG_proletarian_dictatorship;Dagestan;;;;;;;;;x;;;;
DAG_bourgeois_dictatorship;Dagestan;;;;;;;;;x;;;;
DAG_democracy;Dagestan;;;;;;;;;x;;;;
DAG_fascist_dictatorship;Dagestan;;;;;;;;;x;;;;
DAH;Benin;;;;;;;;;;;;;
DAH_absolute_monarchy;Dahomey;;;;;;;;;;;;;
DAH_prussian_constitutionalism;Dahomey;;;;;;;;;;;;;
DAH_hms_government;Dahomey;;;;;;;;;;;;;
DAK;Dakota;x;
DAM;Damascus;Damascus;;;;;;;;;x;;;;
DAR;Darfur;;;;;;;;;x;;;;
DHO;Dhofar;;;;;;;;;x;;;;
DIX;Dixie Confederation;
DIY;Diyarbakir;;;;;;;;;x;;;;
DJA;Jambi;;;;;;;;;x;;;;
DLM;Dalmatia;;;;;;;;;x;;;;
DMG;Damagaram;;;;;;;;;x;;;;
DND;Dendi;;;;;;;;;x;;;;
DON;Cossack Republic;;;;;;;;;x;;;;
DON_absolute_monarchy;Cossack Hetmanate;;;;;;;;;x;;;;
DON_hms_government;Cossack Union;;;;;;;;;x;;;;
DON_prussian_constitutionalism;Cossack Hetmanate;;;;;;;;;x;;;;
DOU;Douro;;;;;;;;;x;;;;
DUC;Ducal Prussia;;;;;;;;;x;;;;
DUR;Durango;x;
EAN;East Anglia;;;;;;;;;x;;;;
ENL;England;;;;;;;;;x;;;;
EXT;Extremadura;;;;;;;;;x;;;;
FAR;Fars;;;;;;;;;x;;;;
FDL;Fadhli;;;;;;;;;x;;;;
FEZ;Fez;;;;;;;;;x;;;;
FJN;Fujian;;;;;;;;;x;;;;
FJN_presidential_dictatorship;Fujian Clique;;;;;;;;;x;;;;
FJN_fascist_dictatorship;Min Republic;;;;;;;;;x;;;;
FJN_fascist_dictatorship_ADJ;Min;;;;;;;;;x;;;;
FLO;Florida;x;
FRI;Friesland;;;;;;;;;x;;;;
GAZ;Gaza;;;;;;;;;x;;;;
GBU;Guinea-Bissau;;;;;;;;;x;;;;
GBU_absolute_monarchy;Gabu;;;;;;;;;x;;;;
GCH;Galich;;;;;;;;;x;;;;
GEL;Geledi;;;;;;;;;x;;;;
GIZ;Giza;;;;;;;;;x;;;;
GLC;Galicia;;;;;;;;;x;;;;
GLM;Galicia-Lodomeria;;;;;;;;;x;;;;
GNG;Guangdong;;;;;;;;;x;;;;
GNG_presidential_dictatorship;Guangdong Clique;;;;;;;;;x;;;;
GOB;Gobir;x;
GOI;Goias;x;
GOL;Golden State;;;;;;;;;x;;;;
GON;Gonder;;;;;;;;;x;;;;
GOT;Gotaland;;;;;;;;;x;;;;
GRL;Great Lakes;x;
GRN;Greenland;;;;;;;;;x;;;;
GUE;Guerrero;x;
GUY;Guyana;;;;;;;;;x;;;;
GYA;Guayaquil;x;
HAL;Ha'il;;;;;;;;;x;;;;
HAR;Harar;;;;;;;;;x;;;;
HEL;Helsinki;;;;;;;;;x;;;;
HEN;Henan;;;;;;;;;x;;;;
HET;Hetmanat;;;;;;;;;x;;;;
HLL;Holland;;;;;;;;;x;;;;
HNN;Hunan;;;;;;;;;;;;;;;;x;;;;
HNN_presidential_dictatorship;Hunan Clique;;;;;;;;;;;;;;;;x;;;;
HNO;Hanoi;;;;;;;;;;;;;;;;x;;;;
HTY;Turkmeneli;;;;;;;;;;;;;;;;x;;;;
HUB;Hubei;;;;;;;;;;;;;;;;x;;;;
HUD;Hudavendigar;;;;;;;;;;;;;;;;x;;;;
IDF;Ile de France;;;;;;;;;;;;;;;;x;;;;
IRK;Irkutsk;;;;;;;;;;;;;;;;x;;;;
ISF;Isfahan;;;;;;;;;;;;;;;;x;;;;
IZM;Izmir;;;;;;;;;;;;;;;;x;;;;
JAL;Futa Jallon;;;;;;;;;;;;;;;;x;;;;
JAM;Jamaica;;;;;;;;;;;;;;;;x;;;;
JER;Jerusalem;;;;;;;;;;;;;;;;x;;;;
JGS;Jiangsu;;;;;;;;;;;;;;;;x;;;;
JGX;Jiangxi;;;;;;;;;;;;;;;;x;;;;
JLS;Jalisco;x;
JUK;Jukur;x;
KAF;Kaffa;;;;;;;;;;;;;;;;x;;;;
KAG;Ishikawa;;;;;;;;;;;;;;;;x;;;;
KAG_absolute_monarchy;Kaga;;;;;;;;;;;;;;;;x;;;;
KAG_prussian_constitutionalism;Kaga;;;;;;;;;;;;;;;;x;;;;
KAG_hms_government;Kaga;;;;;;;;;;;;;;;;x;;;;
KAM;Kamchatka;;;;;;;;;;;;;;;;x;;;;
KAM_presidential_dictatorship;Far Eastern Republic;;;;;;;;;;;;;;;;x;;;;
KAM_bourgeois_dictatorship;Far Eastern Republic;;;;;;;;;;;;;;;;x;;;;
KAM_proletarian_dictatorship;Far Eastern Republic;;;;;;;;;;;;;;;;x;;;;
KAT;Katsina;x;
KAZ;Kazakhstan;;;;;;;;;;;;;;;;x;;;;;;;;;;;;;;;;;;;;x;;;;
KAZ_absolute_monarchy;Kazakh Khanate;;;;;;;;;;;;;;;;x;;;;
KBO;Bornu;;;;;;;;;;;;;;;;x;;;;
KCH;Kachin;;;;;;;;;;;;;;;;x;;;;
KDS;Kurdistan;;;;;;;;;;;;;;;;x;;;;
KHA;Khabarosk;;;;;;;;;;;;;;;;x;;;;
KHO;Khorasan;;;;;;;;;;;;;;;;x;;;;
KHU;Khuzaestan;;;;;;;;;;;;;;;;x;;;;
KLM;Kalimantan;;;;;;;;;;;;;;;;x;;;;
KMK;Kalmykia;;;;;;;;;;;;;;;;x;;;;
KML;Kumul Khanate;;;;;;;;;;;;;;;;x;;;;
KML_democracy;Kumul Republic;;;;;;;;;;;;;;;;x;;;;
KML_bourgeois_dictatorship;Kumul;;;;;;;;;;;;;;;;x;;;;
KML_proletarian_dictatorship;People's Republic of Kumul;;;;;;;;;;;;;;;;x;;;;
KNG;Kongo;;;;;;;;;;;;;;;;x;;;;
KON;Konya;;;;;;;;;;;;;;;;x;;;;
KRL;Karelia;;;;;;;;;;;;;;;;x;;;;
KRN;Karnatak;;;;;;;;;;;;;;;;x;;;;
KRN_democracy;Tamil Nadu;;;;;;;;;;;;;;;;x;;;;
KRY;Krasnoyarsk;;;;;;;;;;;;;;;;x;;;;
KTH;Kathiri;;;;;;;;;;;;;;;;x;;;;
KTI;Kutai;;;;;;;;;;;;;;;;x;;;;
KUR;Kursk;;;;;;;;;;;;;;;;x;;;;
KWT;Kuwait;;;;;;;;;;;;;;;;x;;;;
KZN;Kazan;;;;;;;;;;;;;;;;x;;;;
LAN;Lan Na;;;;;;;;;;;;;;;;x;;;;
LBN;Lebanon;;;;;;;;;;;;;;;;x;;;;
LCA;Leon-Castille;;;;;;;;;;;;;;;;x;;;;
LIM;Lima;x;
LIV;Liverpool;;;;;;;;;;;;;;;;x;;;;
LOA;Loango;;;;;;;;;;;;;;;;x;;;;
LOD;Lodz;;;;;;;;;;;;;;;;x;;;;
LOI;Loire;;;;;;;;;;;;;;;;x;;;;
LOR;Lorraine;;;;;;;;;;;;;;;;x;;;;
LRE;Loreto;x;
LSK;Alaska;;;;;;;;;;;;;;;;x;;;;
LUR;Luristan;;;;;;;;;;;;;;;;x;;;;
LXA;Laos;;;;;;;;;;;;;;;;x;;;;
LXA_proletarian_dictatorship;Lao People's Republic;;;;;;;;;;;;;;;;x;;;;
LXA_absolute_monarchy;Lan Xang;;;;;;;;;;;;;;;;x;;;;
LXR;Luxor;;;;;;;;;x;;;;
MAH;Maharashtra;;;;;;;;;;;;;;;;x;;;;
MAJ;Majeerteen;;;;;;;;;;;;;;;;x;;;;
MAR;Marrakech;;;;;;;;;;;;;;;;x;;;;
MAS;Massina;;;;;;;;;;;;;;;;x;;;;
MAT;Matabele;;;;;;;;;;;;;;;;x;;;;
MAZ;Mazovia;;;;;;;;;;;;;;;;x;;;;
MCD;Macedonia;;;;;;;;;;;;;;;;x;;;;
MDE;Madeira;;;;;;;;;;;;;;;;x;;;;
MDV;Moldova;;;;;;;;;;;;;;;;x;;;;
MHR;Mahra;;;;;;;;;;;;;;;;x;;;;
MID;Midlands;;;;;;;;;;;;;;;;x;;;;
MIG;Minas Gerais;x;
MIR;Miranda;x;
MKN;Mukriyan;;;;;;;;;;;;;;;;x;;;;
MKU;Makuria;;;;;;;;;x;;;;
MNH;Maranhao;x;
MOS;Mossi;;;;;;;;;;;;;;;;x;;;;
MRU;Maritime Republic;;;;;;;;;;;;;;;;x;;;;
MRU_absolute_monarchy;Maritime Union;;;;;;;;;;;;;;;;x;;;;
MRU_prussian_constitutionalism;Maritime Union;;;;;;;;;;;;;;;;x;;;;
MRU_hms_government;Maritime Union;;;;;;;;;;;;;;;;x;;;;
MRY;Maryland;x;
MSC;Muscat;;;;;;;;;;;;;;;;x;;;;
MTG;Mato Grosso;x;
MUS;Muscovy;;;;;;;;;;;;;;;;x;;;;
NEA;New Alberta;x;
NEB;Nebraska;x;
NEN;New England;x;
NEO;New Orleans;x;
NMX;New Mexico;x;
NOV;Novgorod;;;;;;;;;;;;;;;;x;;;;
NRM;Normandie;;;;;;;;;;;;;;;;x;;;;
NRR;Norrland;;;;;;;;;;;;;;;;x;;;;
NSW;New South Wales;;;;;;;;;;;;;;;;x;;;;
NUP;Nupe;x;
NYE;North Yemen;;;;;;;;;;;;;;;;x;;;;
NYE_democracy;Yemen Arab Republic;;;;;;;;;;;;;;;;x;;;;
NYE_presidential_dictatorship;Yemen Arab Republic;;;;;;;;;;;;;;;;x;;;;
NYO;New York;x;
OCC;Occitania;;;;;;;;;;;;;;;;x;;;;
OHI;Ohio;x;
OMS;Omsk;;;;;;;;;;;;;;;;x;;;;
ONT;Ontario;;;;;;;;;;;;;;;;x;;;;
ORN;Oran;;;;;;;;;;;;;;;;x;;;;
OST;Ostlandet;;;;;;;;;;;;;;;;x;;;;
OYO;Oyo;;;;;;;;;;;;;;;;x;;;;
OZA;Ozark;x;
PAZ;La Paz;x;
PBC;Peru-Bolivia;;;;;;;;;;;;;;;;x;;;;
PBC_absolute_monarchy;Great Peru;;;;;;;;;;;;;;;;x;;;;
PBC_prussian_constitutionalism;Great Peru;;;;;;;;;;;;;;;;x;;;;
PBC_hms_government;Peru-Bolivia;;;;;;;;;;;;;;;;x;;;;
PBC_proletarian_dictatorship;The People's Andine Republic;;;;;;;;;;;;;;;;x;;;;
PBC_democracy;Andine Federation;;;;;;;;;;;;;;;;x;;;;
PEL;Peloponnese;;;;;;;;;;;;;;;;x;;;;
PEN;Pennsylvania;x;
PHG;Pahang;;;;;;;;;;;;;;;;x;;;;
PHL;Philippines;Philippines;Philippinen;;;;;;;;;;;
PIC;Picardie;;;;;;;;;;;;;;;;x;;;;
PLS;Palestine;;;;;;;;;;;;;;;;x;;;;
PML;Pomerelia;;;;;;;;;;;;;;;;x;;;;
PNA;Parana;x;
PNB;Pernambuco;x;
PNJ;Panjab;;;;;;;;;;;;;;;;x;;;;
PNK;Pontianak;;;;;;;;;;;;;;;;x;;;;
PNT;Pontus;;;;;;;;;;;;;;;;x;;;;
POM;Pomerania;;;;;;;;;;;;;;;;x;;;;
POT;Potosi;x;
PRA;Para;x;
PRI;Puerto Rico;;;;;;;;;;;;;;;;x;;;;
PRK;Perak;;;;;;;;;;;;;;;;x;;;;
PRO;Provence;;;;;;;;;;;;;;;;x;;;;
PSK;Pskov;;;;;;;;;;;;;;;;x;;;;
PZN;Poznan;;;;;;;;;;;;;;;;x;;;;
QAT;Qatar;;;;;;;;;;;;;;;;x;;;;
QEE;Queensland;;;;;;;;;;;;;;;;x;;;;
QUI;Quito;x;
RAN;Rangoon;;;;;;;;;;;;;;;;x;;;;
RDL;Ardalan;;;;;;;;;;;;;;;;x;;;;
RGR;Rio Grande;x;
RGS;Rio Grande do Sul;x;
RHI;Rhineland;;;;;;;;;;;;;;;;x;;;;
RHN;Rhone;;;;;;;;;;;;;;;;x;;;;
RIO;Rio de Janeiro;x;
RMG;Romagna;;;;;;;;;;;;;;;;x;;;;
RPL;Assiniboia;;;;;;;;;;;;;;;;x;;;;
RPL_hms_government;Rupert's Land;;;;;;;;;;;;;;;;x;;;;
RYU;Ryukyu;;;;;;;;;;;;;;;;x;;;;
SAJ;Saja;;;;;;;;;;;;;;;;x;;;;
SAK;Siak;;;;;;;;;;;;;;;;x;;;;
SAM;Sami Union;;;;;;;;;;;;;;;;x;;;;
SAM_democracy;Sami Republic;;;;;;;;;;;;;;;;x;;;;
SAM_presidential_dictatorship;Sami Republic;;;;;;;;;;;;;;;;x;;;;
SAM_proletarian_dictatorship;Sami Republic;;;;;;;;;;;;;;;;x;;;;
SAM_bourgoise_dictatoriship;Sami Republic;;;;;;;;;;;;;;;;x;;;;
SAO;Sao Paulo;x;
SAT;Kyushu;;;;;;;;;;;;;;;;x;;;;
SAT_absolute_monarchy;Satsuma;;;;;;;;;;;;;;;;x;;;;
SAT_prussian_constitutionalism;Satsuma;;;;;;;;;;;;;;;;x;;;;
SAT_hms_government;Satsuma;;;;;;;;;;;;;;;;x;;;;
SCR;Santa Cruz;x;
SDB;Sonderbund;;;;;;;;;;;;;;;;x;;;;
SEG;Bambara;;;;;;;;;;;;;;;;x;;;;
SEN;Tohoku;;;;;;;;;;;;;;;;x;;;;
SEN_absolute_monarchy;Sendai;;;;;;;;;;;;;;;;x;;;;
SEN_prussian_constitutionalism;Sendai;;;;;;;;;;;;;;;;x;;;;
SEN_hms_government;Sendai;;;;;;;;;;;;;;;;x;;;;
SHA;Shangdong;;;;;;;;;;;;;;;;x;;;;
SHK;Shilluk;;;;;;;;;;;;;;;;x;;;;
SHN;Shan;;;;;;;;;;;;;;;;x;;;;
SHW;Shewa;;;;;;;;;;;;;;;;x;;;;
SIB;Siberian Republic;;;;;;;;;;;;;;;;x;;;;
SIB_absolute_monarchy;Siberia;;;;;;;;;;;;;;;;x;;;;
SIB_prussian_constitutionalism;Siberia;;;;;;;;;;;;;;;;x;;;;
SIB_hms_government;Siberia;;;;;;;;;;;;;;;;x;;;;
SLG;Selangor;;;;;;;;;;;;;;;;x;;;;
SLS;Silesia;;;;;;;;;;;;;;;;x;;;;
SLW;Sulawesi;;;;;;;;;;;;;;;;x;;;;
SLW_absolute_monarchy;Bone;;;;;;;;;;;;;;;;x;;;;
SLW_prussian_constitutionalism;Bone;;;;;;;;;;;;;;;;x;;;;
SLW_hms_government;Bone;;;;;;;;;;;;;;;;x;;;;
SNA;Sinai;;;;;;;;;;;;;;;;x;;;;
SNN;Sennar;x;
SRD;Sardinia;;;;;;;;;;;;;;;;x;;;;
SRI;Sri Lanka;;;;;;;;;;;;;;;;x;;;;
SRI_absolute_monarchy;Ceylon;;;;;;;;;;;;;;;;x;;;;
SRI_prussian_constitutionalism;Ceylon;;;;;;;;;;;;;;;;x;;;;
SRI_hms_government;Ceylon;;;;;;;;;;;;;;;;x;;;;
STI;South Tirol;;;;;;;;;;;;;;;;x;;;;
SUA;Suazi;;;;;;;;;;;;;;;;x;;;;
SUL;Sulu;;;;;;;;;;;;;;;;x;;;;
SVE;Svealand;;;;;;;;;;;;;;;;x;;;;
SVY;Savoy;;;;;;;;;;;;;;;;x;;;;
SWH;Schleswig-Holstein;;;;;;;;;;;;;;;;x;;;;
SWK;Sarawak;;;;;;;;;;;;;;;;x;;;;
SWK_fascist_dictatorship;Borneo Republic;;;;;;;;;;;;;;;;x;;;;
SYC;Sicily;;;;;;;;;;;;;;;;x;;;;
SYR;Syria;;;;;;;;;;;;;;;;x;;;;
SZC;Sichuan;;;;;;;;;;;;;;;;x;;;;
SZC_presidential_dictatorship;Sichuan Clique;;;;;;;;;;;;;;;;x;;;;
TAB;Tabriz;;;;;;;;;;;;;;;;x;;;;
TAM;Tambralinga;;;;;;;;;;;;;;;;x;;;;
TAR;Tatarstan;;;;;;;;;;;;;;;;x;;;;
TAW;Tawantinsuyu;x;
TBA;Tabaristan;;;;;;;;;;;;;;;;x;;;;
TBZ;Trebizond;;;;;;;;;;;;;;;;x;;;;
TCA;Transcaucasia;;;;;;;;;;;;;;;;x;;;;
TEH;Teheran;;;;;;;;;;;;;;;;x;;;;
TEN;Tenaserim;;;;;;;;;;;;;;;;x;;;;
THE;Thessaly;;;;;;;;;;;;;;;;x;;;;
THR;Thrace;;;;;;;;;;;;;;;;x;;;;
TKG;Shogunate Japan;;;;;;;;;;;;;;;;x;;;;
TKG_fascist;Kokuryukai;;;;;;;;;;;;;;;;x;;;;
TKM;Turkmenistan;;;;;;;;;;;;;;;;x;;;;
TMR;Timor;;;;;;;;;;;;;;;;x;;;;
TIG;Tigray;;;;;;;;;;;;;;;;x;;;;
TMR_absolute_monarchy;Wehali;;;;;;;;;;;;;;;;x;;;;
TNT;Tannu Tuva;;;;;;;;;;;;;;;;x;;;;
TOL;Toledo;;;;;;;;;;;;;;;;x;;;;
TOM;Tomsk;;;;;;;;;;;;;;;;x;;;;
TOO;Futa Tooro;;;;;;;;;;;;;;;;x;;;;
TOS;Shikoku;;;;;;;;;;;;;;;;x;;;;
TOS_absolute_monarchy;Tosa;;;;;;;;;;;;;;;;x;;;;
TOS_prussian_constitutionalism;Tosa;;;;;;;;;;;;;;;;x;;;;
TOS_hms_government;Tosa;;;;;;;;;;;;;
TRS;Transamur;;;;;;;;;;;;;;;;x;;;;
TRZ;Trarza;;;;;;;;;;;;;;;;x;;;;
TTB;Trinidad;;;;;;;;;;;;;;;;x;;;;
TUK;Turku;;;;;;;;;;;;;;;;x;;;;
URA;Ural Republic;;;;;;;;;;;;;;;;x;;;;
URA_absolute_monarchy;Ural State;;;;;;;;;;;;;;;;x;;;;
URA_prussian_constitutionalism;Ural State;;;;;;;;;;;;;;;;x;;;;
URA_hms_government;Ural State;;;;;;;;;;;;;;;;x;;;;
URA_democracy;Ural Free State;;;;;;;;;;;;;;;;x;;;;
URA_proletarian_dictatorship;Ural People's Republic;;;;;;;;;;;;;;;;x;;;;
VAL;Valencia;;;;;;;;;;;;;;;;x;;;;
VES;Vestlandet;;;;;;;;;;;;;;;;x;;;;
VIC;Victoria;;;;;;;;;;;;;;;;x;;;;
VIR;Virginia;x;
VOJ;Vojvodina;;;;;;;;;;;;;;;;x;;;;
WES;Westfalen;;;;;;;;;;;;;;;;x;;;;
WHA;Wales;;;;;;;;;;;;;;;;x;;;;
WOL;Wolof;;;;;;;;;;;;;;;;x;;;;
WRI;Warri;;;;;;;;;;;;;;;;x;;;;
WRL;Warsangali;;;;;;;;;;;;;;;;x;;;;
WSS;Wessex;;;;;;;;;;;;;;;;x;;;;
XHO;Xhosa;;;;;;;;;;;;;;;;x;;;;
YAK;Yakutia;;;;;;;;;;;;;;;;x;;;;
YAN;Yamalo-Nenets;;;;;;;;;;;;;;;;x;;;;
YOR;Yorkshire;;;;;;;;;;;;;;;;x;;;;
YUC;Yucatan;x;
YZW;Yonezawa;;;;;;;;;;;;;;;;x;;;;
ZAC;Zacatecas;x;
ZAP;Zaporozhie;;;;;;;;;;;;;;;;x;;;;
ZEL;Zeland;;;;;;;;;;;;;;;;x;;;;
ZHE;Zhejiang;;;;;;;;;;;;;;;;x;;;;
ZHI;Zhili;;;;;;;;;;;;;;;;x;;;;
ZLI;Zulia;x;
ABK_ADJ;Abkhazian;;;;;;;;;x;;;;
AGC_ADJ;Angochen;;;;;;;;;x;;;;
AGL_ADJ;Argeli;;;;;;;;;x;;;;
AKH_ADJ;Astrakhan;;;;;;;;;x;;;;
ALR_ADJ;Al Riffian;;;;;;;;;x;;;;
ALE_ADJ;Aleppine;;;;;;;;;x;;;;
ALG_ADJ;Algarvian;;;;;;;;;x;;;;
ALS_ADJ;Alsatian;;;;;;;;;x;;;;
ALT_ADJ;Altaic;;;;;;;;;x;;;;
ALX_ADJ;Alexandrian;x;
AMA_ADJ;Amazonian;x;
ANK_ADJ;Ankarite;;;;;;;;;x;;;;
ANL_ADJ;Andalusi;;;;;;;;;x;;;;
ANN_ADJ;Annabian;;;;;;;;;x;;;;
ANT_ADJ;Antioquian;x;
APP_ADJ;Appalachian;x;
AQU_ADJ;Aquitanian;;;;;;;;;x;;;;
ARD_ADJ;Ardennese;;;;;;;;;x;;;;
ARE_ADJ;Arequipeno;x;
ARK_ADJ;Arcangelian;;;;;;;;;x;;;;
ARO_ADJ;Aro;;;;;;;;;x;;;;
ASH_ADJ;Ashanti;;;;;;;;;x;;;;
ASM_ADJ;Assamese;;;;;;;;;x;;;;
ATF_ADJ;Antofagastian;x;
ATR_ADJ;Asturian;;;;;;;;;x;;;;
ATZ_ADJ;Aztlanian;x;
AUV_ADJ;Auvergnat;;;;;;;;;x;;;;
AWS_ADJ;Afar;;;;;;;;;x;;;;
AYU_ADJ;Ayutthayan;;;;;;;;;x;;;;
AZO_ADJ;Acorian;;;;;;;;;x;;;;
AZC_ADJ;Aztec;x;
BAH_ADJ;Bahian;x;
BAN_ADJ;Banati;;;;;;;;;x;;;;
BCA_ADJ;South Californian;x;
BDB_ADJ;Brandenburger;;;;;;;;;x;;;;
BDN_ADJ;Hakkari;;;;;;;;;x;;;;
BEN_ADJ;Beninese;;;;;;;;;x;;;;
BGH_ADJ;Baghdadi;;;;;;;;;x;;;;
BHR_ADJ;Bahraini;;;;;;;;;x;;;;
BIH_ADJ;Bihari;;;;;;;;;x;;;;
BKV_ADJ;Bukovinian;;;;;;;;;x;;;;
BLC_ADJ;Baluchi;;;;;;;;;x;;;;
BLV_ADJ;Bolivarense;x;
BNB_ADJ;Babani;;;;;;;;;x;;;;
BNG_ADJ;Bangladeshi;;;;;;;;;x;;;;
BNG_absolute_monarchy_ADJ;Bengali;;;;;;;;;x;;;;
BNG_prussian_constitutionalism_ADJ;Bengali;;;;;;;;;x;;;;
BNG_hms_government_ADJ;Bengali;;;;;;;;;x;;;;
BOR_ADJ;Borgui;x;
BRG_ADJ;Burgundian;;;;;;;;;x;;;;
BRT_ADJ;Breton;;;;;;;;;x;;;;
BSH_ADJ;Basotho;;;;;;;;;x;;;;
BSQ_ADJ;Basque;;;;;;;;;x;;;;
BSR_ADJ;Basrian;;;;;;;;;x;;;;
BTL_ADJ;Bitlisi;;;;;;;;;x;;;;
CAI_ADJ;Cairene;x;
CAJ_ADJ;Cajamarquino;x;
CAR_ADJ;Carolinian;x;
CAU_ADJ;Caucan;x;
CHA_ADJ;Cham;;;;;;;;;x;;;;
CHC_ADJ;Chacoan;x;
CHH_ADJ;Chihuahuense;x;
CHO_ADJ;Chugokuan;;;;;;;;;x;;;;
CHO_absolute_monarchy_ADJ;Mori;;;;;;;;;x;;;;
CHO_prussian_constitutionalism_ADJ;Mori;;;;;;;;;x;;;;
CHO_hms_government_ADJ;Mori;;;;;;;;;x;;;;
CHP_ADJ;Chiapaneco;x;
CHY_ADJ;Chechen;;;;;;;;;x;;;;
CIR_ADJ;Circassian;;;;;;;;;x;;;;
CLA_ADJ;Calabarean;;;;;;;;;x;;;;
CLT_ADJ;Celtic;;;;;;;;;x;;;;
CNN_ADJ;Canary;;;;;;;;;x;;;;
COC_ADJ;Cochinchinese;;;;;;;;;x;;;;
COR_ADJ;Cornish;;;;;;;;;x;;;;
CLC_ADJ;Cilician;;;;;;;;;x;;;;
CRL_ADJ;Chitrali;;;;;;;;;x;;;;
CRS_ADJ;Corsican;;;;;;;;;x;;;;
CUM_ADJ;Cumanes;x;
CUN_ADJ;Cundinamarquish;x;
CUZ_ADJ;Cuzqueno;x;
CYR_ADJ;Cyrenaican;;;;;;;;;x;;;;
CYR_absolute_monarchy_ADJ;Senussi;;;;;;;;;x;;;;
DAG_ADJ;Dagestani;;;;;;;;;x;;;;
DAH_ADJ;Beninese;;;;;;;;;x;;;;
DAH_absolute_monarchy_ADJ;Dahomean;;;;;;;;;x;;;;
DAH_prussian_constitutionalism_ADJ;Dahomean;;;;;;;;;x;;;;
DAH_hms_government_ADJ;Dahomean;;;;;;;;;x;;;;
DAK_ADJ;Dakotan;x;
DAR_ADJ;Darfuri;;;;;;;;;x;;;;
DHO_ADJ;Dhofarian;;;;;;;;;x;;;;
DIX_ADJ;Dixie;x;
DIY_ADJ;Diyarbakirian;;;;;;;;;x;;;;
DJA_ADJ;Jambi;;;;;;;;;x;;;;
DLM_ADJ;Dalmatian;;;;;;;;;x;;;;
DMG_ADJ;Damagaram;;;;;;;;;x;;;;
DND_ADJ;Dendi;;;;;;;;;x;;;;
DON_ADJ;Cossack;;;;;;;;;x;;;;
DUR_ADJ;Duranguense;x;
DOU_ADJ;Portuense;;;;;;;;;x;;;;
DUC_ADJ;Prussian;;;;;;;;;x;;;;
EAN_ADJ;Eastanglish;;;;;;;;;x;;;;
ENL_ADJ;English;;;;;;;;;x;;;;
EXT_ADJ;Extremaduran;;;;;;;;;x;;;;
FAR_ADJ;Farsi;;;;;;;;;x;;;;
FDL_ADJ;Fadhlii;;;;;;;;;x;;;;
FEZ_ADJ;Fezian;;;;;;;;;x;;;;
FJN_ADJ;Fujian;;;;;;;;;x;;;;
FLO_ADJ;Floridian;x;
FRI_ADJ;Frison;;;;;;;;;x;;;;
GAB_ADJ;Gabonese;;;;;;;;;x;;;;
GAZ_ADJ;Nguni;;;;;;;;;x;;;;
GBU_absolute_monarchy_ADJ;Gabuan;;;;;;;;;x;;;;
GBU_ADJ;Bissau-Guinean;;;;;;;;;x;;;;
GCH_ADJ;Galichian;;;;;;;;;x;;;;
GEL_ADJ;Geledi;;;;;;;;;x;;;;
GIZ_ADJ;Gizan;x;
GLC_ADJ;Galician;;;;;;;;;x;;;;
GLM_ADJ;Galician;;;;;;;;;x;;;;
GMB_ADJ;Gambian;;;;;;;;;x;;;;
GNE_ADJ;Guinean;;;;;;;;;x;;;;
GNG_ADJ;Guangdong;;;;;;;;;x;;;;
GOB_ADJ;Gobirawa;x;
GOI_ADJ;Goiano;x;
GOL_ADJ;Golden;;;;;;;;;x;;;;
GON_ADJ;Amhara;;;;;;;;;x;;;;
GOT_ADJ;Geat;;;;;;;;;x;;;;
GRL_ADJ;Laker;x;
GRN_ADJ;Greenlandic;;;;;;;;;x;;;;
GUE_ADJ;Guerrerense;x;
GYA_ADJ;Guayaquileno;x;
HAL_ADJ;Haili;;;;;;;;;x;;;;
HAR_ADJ;Harari;;;;;;;;;x;;;;
HEL_ADJ;Helsinkian;;;;;;;;;x;;;;
HEN_ADJ;Hainanese;;;;;;;;;x;;;;
HET_ADJ;Cossack;;;;;;;;;x;;;;
HLL_ADJ;Dutch;;;;;;;;;x;;;;
HNN_ADJ;Hunan;;;;;;;;;x;;;;
HNO_ADJ;Hanoian;;;;;;;;;x;;;;
HTY_ADJ;Turkomani;;;;;;;;;x;;;;
HUB_ADJ;Hubeiren;;;;;;;;;x;;;;
HUD_ADJ;Hudavendigarian;;;;;;;;;x;;;;
IDF_ADJ;Francilien;;;;;;;;;x;;;;
IRT_ADJ;Irkutskian;;;;;;;;;x;;;;
ISF_ADJ;Isfahani;;;;;;;;;x;;;;
IVC_ADJ;Ivorian;;;;;;;;;x;;;;
IZM_ADJ;Izmirian;;;;;;;;;x;;;;
JAL_ADJ;Jallon;;;;;;;;;x;;;;
JAM_ADJ;Jamaican;;;;;;;;;x;;;;
JER_ADJ;Jerusalemite;;;;;;;;;x;;;;
JGS_ADJ;Jiangsuren;;;;;;;;;x;;;;
JGX_ADJ;Jianxiren;;;;;;;;;x;;;;
JLS_ADJ;Jalisciense;x;
JUK_ADJ;Jukuren;x;
KAF_ADJ;Kaffan;;;;;;;;;x;;;;
KAG_ADJ;Ishikawan;;;;;;;;;x;;;;
KAM_ADJ;Kamchatkan;;;;;;;;;x;;;;
KAT_ADJ;Katsini;x;
KAZ_ADJ;Kazakh;;;;;;;;;x;;;;
KBO_ADJ;Bornu;;;;;;;;;x;;;;
KCH_ADJ;Kachin;;;;;;;;;x;;;;
KDS_ADJ;Kurdish;;;;;;;;;x;;;;
JVK_ADJ;Khabaroski;;;;;;;;;x;;;;
KHO_ADJ;Khorasani;;;;;;;;;x;;;;
KLM_ADJ;Kalimantan;;;;;;;;;x;;;;
KNG_ADJ;Kongolese;;;;;;;;;x;;;;
KMK_ADJ;Kalmyk;;;;;;;;;x;;;;
KML_ADJ;Kumulian;;;;;;;;;x;;;;
KON_ADJ;Konyanite;;;;;;;;;x;;;;
KRL_ADJ;Karelian;;;;;;;;;x;;;;
KRN_ADJ;Karnatak;;;;;;;;;x;;;;
KRY_ADJ;Krasnoyarkian;;;;;;;;;x;;;;
KUR_ADJ;Kurcensian;;;;;;;;;x;;;;
KWT_ADJ;Kuwaiti;;;;;;;;;x;;;;
KZN_ADJ;Tartar;;;;;;;;;x;;;;
LAN_ADJ;Lan Nan;;;;;;;;;x;;;;
LBN_ADJ;Lebanese;;;;;;;;;x;;;;
LCA_ADJ;Castillan Leonese;;;;;;;;;x;;;;
LIM_ADJ;Limeno;x;
LIV_ADJ;Liverpudlian;;;;;;;;;x;;;;
LOA_ADJ;Loangoese;;;;;;;;;x;;;;
LOD_ADJ;Lodzian;;;;;;;;;x;;;;
LOI_ADJ;Leger;;;;;;;;;x;;;;
LOR_ADJ;Lorrainian;;;;;;;;;x;;;;
LSK_ADJ;Alaskan;;;;;;;;;x;;;;
LRE_ADJ;Loretani;x;
LUR_ADJ;Lorestani;;;;;;;;;x;;;;
LXA_ADJ;Lao;;;;;;;;;x;;;;
LXA_democracy_ADJ;Lao;;;;;;;;;x;;;;
LXA_absolute_monarchy_ADJ;Lan Xangi;;;;;;;;;x;;;;
LXR_ADJ;Luxorian;x;
MAH_ADJ;Maharashtran;;;;;;;;;x;;;;
MAJ_ADJ;Majeerteen;;;;;;;;;x;;;;
MAR_ADJ;Marrakechian;;;;;;;;;x;;;;
MAS_ADJ;Massinan;;;;;;;;;x;;;;
MAT_ADJ;Matabele;;;;;;;;;x;;;;
MAZ_ADJ;Mazovian;;;;;;;;;x;;;;
MCD_ADJ;Macedonian;;;;;;;;;x;;;;
MDE_ADJ;Madeiran;;;;;;;;;x;;;;
MDV_ADJ;Moldovian;;;;;;;;;x;;;;
MHR_ADJ;Mahrai;;;;;;;;;x;;;;
MID_ADJ;Midlandese;;;;;;;;;x;;;;
MIG_ADJ;Mineiro;x;
MIR_ADJ;Mirandese;x;
MKN_ADJ;Mukriyani;;;;;;;;;x;;;;
MKU_ADJ;Makurian;x;
MNH_ADJ;Maranhense;x;
MOS_ADJ;Mossi;;;;;;;;;x;;;;
MRU_ADJ;Maritime;;;;;;;;;x;;;;
MRY_ADJ;Marylander;x;
MSC_ADJ;Mascataise;;;;;;;;;x;;;;
MTG_ADJ;Mato-Grossense;x;
NEA_ADJ;New Albertian;x;
NEB_ADJ;Nebraskan;x;
NEN_ADJ;New Englander;x;
NEO_ADJ;New Orleanian;x;
NMX_ADJ;New Mexican;x;
NOV_ADJ;Novgorodian;;;;;;;;;x;;;;
NSW_ADJ;New South Welsh;;;;;;;;;x;;;;
NRM_ADJ;Normand;;;;;;;;;x;;;;
NRR_ADJ;Norrlandic;;;;;;;;;x;;;;
NUP_ADJ;Nupen;x;
NYE_ADJ;North Yemeni;;;;;;;;;x;;;;
NYO_ADJ;New Yorker;x;
OCC_ADJ;Occitan;;;;;;;;;x;;;;
OHI_ADJ;Ohioan;x;
OMS_ADJ;Omic;;;;;;;;;x;;;;
ONT_ADJ;Ontarian;;;;;;;;;x;;;;
OYO_ADJ;Oyo;;;;;;;;;x;;;;
ORN_ADJ;Oranian;;;;;;;;;x;;;;
OST_ADJ;Austlending;;;;;;;;;x;;;;
OZA_ADJ;Ozarker;x;
PAZ_ADJ;Paceno;x;
PBC_ADJ;Andine;;;;;;;;;x;;;;
PEL_ADJ;Peloponessian;;;;;;;;;x;;;;
PEN_ADJ;Pennsylvanian;x;
PHG_ADJ;Pahangi;;;;;;;;;x;;;;
PHL_ADJ;Philippine;;;;;;;;;x;;;;
PIC_ADJ;Picard;;;;;;;;;x;;;;
PNA_ADJ;Paranaense;x;
PNB_ADJ;Pernambucan;x;
PNJ_ADJ;Panjabi;;;;;;;;;x;;;;
PNK_ADJ;Pontianaki;;;;;;;;;x;;;;
PNT_ADJ;Pontic;;;;;;;;;x;;;;
PML_ADJ;Pomerelian;;;;;;;;;x;;;;
POM_ADJ;Pomeran;;;;;;;;;x;;;;
POT_ADJ;Potosi;x;
PRA_ADJ;Paraense;x;
PRK_ADJ;Peraki;;;;;;;;;x;;;;
PRI_ADJ;Puerto Rican;;;;;;;;;x;;;;
PRO_ADJ;Provenzal;;;;;;;;;x;;;;
PSK_ADJ;Plescovian;;;;;;;;;x;;;;
QAT_ADJ;Qatari;;;;;;;;;x;;;;
QEE_ADJ;Queenslander;;;;;;;;;x;;;;
QUI_ADJ;Quiteno;x;
RAN_ADJ;Rangon Thar;;;;;;;;;x;;;;
RDL_ADJ;Ardalani;;;;;;;;;x;;;;
RGS_ADJ;Sul-Rio-Grandense;x;
RHI_ADJ;Rhinelander;;;;;;;;;x;;;;
RHN_ADJ;Rhodanien;;;;;;;;;x;;;;
RIO_ADJ;Carioca;x;
RMG_ADJ;Romagnan;;;;;;;;;x;;;;
RPL_ADJ;Assiniboian;;;;;;;;;x;;;;
RPL_hms_government_ADJ;Northwestern;;;;;;;;;x;;;;
RYU_ADJ;Ryukyuan;;;;;;;;;x;;;;
SAJ_ADJ;Cabuernig;;;;;;;;;x;;;;
SAM_ADJ;Sami;;;;;;;;;x;;;;
SAO_ADJ;Paulistan;x;
SAT_ADJ;Kyushuan;;;;;;;;;x;;;;
SCR_ADJ;Santacrucero;x;
SDB_ADJ;Sonderbundian;;;;;;;;;x;;;;
SEG_ADJ;Bambara;;;;;;;;;x;;;;
SEN_ADJ;Tohokuan;;;;;;;;;x;;;;
SHA_ADJ;Shan;;;;;;;;;x;;;;
SHK_ADJ;Shilluki;;;;;;;;;x;;;;
SHW_ADJ;Shewan;;;;;;;;;x;;;;
SIB_ADJ;Siberian;;;;;;;;;x;;;;
SLS_ADJ;Silesian;;;;;;;;;x;;;;
SLG_ADJ;Selangorese;;;;;;;;;x;;;;
SLW_ADJ;Sulawesian;;;;;;;;;x;;;;
SNA_ADJ;Sinanesi;;;;;;;;;x;;;;
SNN_ADJ;Sennesi;x;
SRD_ADJ;Sardinian;;;;;;;;;x;;;;
SRI_ADJ;Sri Lankan;;;;;;;;;x;;;;
STI_ADJ;Tylerol;;;;;;;;;x;;;;
SUA_ADJ;Suazi;;;;;;;;;x;;;;
SUL_ADJ;Sulu;;;;;;;;;x;;;;
SVE_ADJ;Svear;;;;;;;;;x;;;;
SVY_ADJ;Savoyan;x;
SWH_ADJ;Schleswigian;;;;;;;;;x;;;;
SWK_ADJ;Sarawakian;;;;;;;;;x;;;;
SYC_ADJ;Sicilian;;;;;;;;;x;;;;
SYR_ADJ;Syrian;;;;;;;;;x;;;;
SZC_ADJ;Sichuan;;;;;;;;;x;;;;
TAB_ADJ;Tabrizian;;;;;;;;;x;;;;
TAM_ADJ;Tambralingian;;;;;;;;;x;;;;
TAR_ADJ;Tatar;;;;;;;;;x;;;;
TAW_ADJ;Inca;x;
TBA_ADJ;Tabaristani;;;;;;;;;x;;;;
TBZ_ADJ;Trabzonite;;;;;;;;;x;;;;
TCA_ADJ;Transcaucasian;;;;;;;;;x;;;;
TEH_ADJ;Tehrani;;;;;;;;;x;;;;
TEN_ADJ;Tenaserimian;;;;;;;;;x;;;;
THE_ADJ;Thessalian;;;;;;;;;x;;;;
THR_ADJ;Thracian;;;;;;;;;x;;;;
TKG_ADJ;Tokugawa;;;;;;;;;x;;;;
TKM_ADJ;Turkmenian;;;;;;;;;x;;;;
TMR_ADJ;Timorese;;;;;;;;;x;;;;
TIG_ADJ;Tigrayan;;;;;;;;;x;;;;
TNT_ADJ;Tuvan;;;;;;;;;x;;;;
TOL_ADJ;Toledan;;;;;;;;;x;;;;
TOM_ADJ;Tomskian;;;;;;;;;x;;;;
TOO_ADJ;Tooro;;;;;;;;;x;;;;
TOS_ADJ;Shikokuan;;;;;;;;;x;;;;
TRS_ADJ;Transamurian;;;;;;;;;x;;;;
TTB_ADJ;Trinidadian;;;;;;;;;x;;;;
TUK_ADJ;Turkian;;;;;;;;;x;;;;
URA_ADJ;Ural;;;;;;;;;x;;;;
VAL_ADJ;Valencian;;;;;;;;;x;;;;
VES_ADJ;Vestlending;;;;;;;;;x;;;;
VIC_ADJ;Victorian;;;;;;;;;x;;;;
VIR_AJD;;x;
VOJ_ADJ;Voivodenese;;;;;;;;;x;;;;
WES_ADJ;Westphalian;;;;;;;;;x;;;;
WHA_ADJ;Welsh;;;;;;;;;x;;;;
WOL_ADJ;Wolof;;;;;;;;;x;;;;
WRI_ADJ;Warri;;;;;;;;;x;;;;
WRL_ADJ;Somali;;;;;;;;;x;;;;
WSS_ADJ;Wessexian;;;;;;;;;x;;;;
XHO_ADJ;Xhosa;;;;;;;;;x;;;;
YAK_ADJ;Yakut;;;;;;;;;x;;;;
YAN_ADJ;Nenetsi;;;;;;;;;x;;;;
YOR_ADJ;Yorkie;;;;;;;;;x;;;;
YZW_ADJ;Yonezawan;;;;;;;;;x;;;;
ZAC_ADJ;Zacatecan;x;
ZAP_ADJ;Zaporizhian;;;;;;;;;x;;;;
ZEL_ADJ;Zealander;;;;;;;;;x;;;;
ZHE_ADJ;Zhejiangan;;;;;;;;;x;;;;
ZHI_ADJ;Zhiliren;;;;;;;;;x;;;;
ZLI_ADJ;Zulian;x;